{
  "total_words": 21387,
  "total_definitions": 56204,
  "total_examples": 34232,
  "total_pronunciations": 9405,
  "scrape_completed_at": "2025-04-04T02:33:25.531772",
  "average_definitions_per_word": 2.627951559358489,
  "average_examples_per_definition": 0.609066970322397,
  "average_pronunciations_per_word": 0.43975312105484643
}