{
  "total_words": 21407,
  "total_definitions": 56249,
  "total_examples": 34283,
  "total_pronunciations": 9415,
  "scrape_completed_at": "2025-04-04T02:33:35.642018",
  "average_definitions_per_word": 2.6275984491054327,
  "average_examples_per_definition": 0.609486390869171,
  "average_pronunciations_per_word": 0.4398094081375251
}