{
  "total_words": 21411,
  "total_definitions": 72093,
  "total_examples": 42657,
  "total_pronunciations": 8016,
  "scrape_completed_at": "2025-04-04T03:58:05.271549",
  "average_definitions_per_word": 3.3671010228387277,
  "average_examples_per_definition": 0.5916940618367942,
  "average_pronunciations_per_word": 0.374386997337817
}