{
  "total_words": 21395,
  "total_definitions": 72038,
  "total_examples": 42644,
  "total_pronunciations": 8012,
  "scrape_completed_at": "2025-04-04T03:57:35.729009",
  "average_definitions_per_word": 3.3670483757887357,
  "average_examples_per_definition": 0.5919653516199783,
  "average_pronunciations_per_word": 0.374480018695957
}