{
  "total_words": 32529,
  "total_definitions": 103332,
  "total_examples": 55100,
  "total_pronunciations": 13414,
  "scrape_completed_at": "2025-04-04T05:28:23.545616",
  "average_definitions_per_word": 3.176611638845338,
  "average_examples_per_definition": 0.533232686873379,
  "average_pronunciations_per_word": 0.4123705001690799
}