{
  "total_words": 32492,
  "total_definitions": 103103,
  "total_examples": 54973,
  "total_pronunciations": 13397,
  "scrape_completed_at": "2025-04-04T05:28:11.567423",
  "average_definitions_per_word": 3.1731810907300257,
  "average_examples_per_definition": 0.5331852613406012,
  "average_pronunciations_per_word": 0.41231687800073863
}