{
  "total_words": 16510,
  "total_definitions": 57462,
  "total_examples": 33801,
  "total_pronunciations": 7798,
  "scrape_completed_at": "2025-04-04T01:17:15.993313",
  "average_definitions_per_word": 3.4804360993337373,
  "average_examples_per_definition": 0.5882322230343532,
  "average_pronunciations_per_word": 0.4723198061780739
}