{
  "total_words": 11052,
  "total_definitions": 32141,
  "total_examples": 14080,
  "total_pronunciations": 5612,
  "scrape_completed_at": "2025-04-04T05:59:43.249632",
  "average_definitions_per_word": 2.908161418747738,
  "average_examples_per_definition": 0.43806975514140817,
  "average_pronunciations_per_word": 0.5077813970322114
}