{
  "total_words": 11071,
  "total_definitions": 32203,
  "total_examples": 14104,
  "total_pronunciations": 5620,
  "scrape_completed_at": "2025-04-04T06:00:12.920753",
  "average_definitions_per_word": 2.9087706620901455,
  "average_examples_per_definition": 0.4379716175511598,
  "average_pronunciations_per_word": 0.5076325535182007
}