{
  "total_words": 13726,
  "total_definitions": 50672,
  "total_examples": 26439,
  "total_pronunciations": 5401,
  "scrape_completed_at": "2025-04-04T06:41:45.846282",
  "average_definitions_per_word": 3.69168002331342,
  "average_examples_per_definition": 0.5217674455320492,
  "average_pronunciations_per_word": 0.3934868133469328
}