{
  "total_words": 13686,
  "total_definitions": 50540,
  "total_examples": 26430,
  "total_pronunciations": 5379,
  "scrape_completed_at": "2025-04-04T06:41:12.530168",
  "average_definitions_per_word": 3.6928247844512643,
  "average_examples_per_definition": 0.5229521171349426,
  "average_pronunciations_per_word": 0.3930293730819816
}