{
  "total_words": 12066,
  "total_definitions": 45466,
  "total_examples": 25636,
  "total_pronunciations": 4579,
  "scrape_completed_at": "2025-04-04T07:16:19.587438",
  "average_definitions_per_word": 3.7681087352892426,
  "average_examples_per_definition": 0.5638499098227246,
  "average_pronunciations_per_word": 0.3794961047571689
}