{
  "total_words": 12046,
  "total_definitions": 45435,
  "total_examples": 25636,
  "total_pronunciations": 4572,
  "scrape_completed_at": "2025-04-04T07:15:42.909387",
  "average_definitions_per_word": 3.7717914660468206,
  "average_examples_per_definition": 0.5642346208869814,
  "average_pronunciations_per_word": 0.3795450772040511
}