{
  "total_words": 13349,
  "total_definitions": 40594,
  "total_examples": 24312,
  "total_pronunciations": 5292,
  "scrape_completed_at": "2025-04-04T07:55:55.827278",
  "average_definitions_per_word": 3.0409768521986664,
  "average_examples_per_definition": 0.598906242301818,
  "average_pronunciations_per_word": 0.39643418982695333
}