{
  "total_words": 11117,
  "total_definitions": 39194,
  "total_examples": 20425,
  "total_pronunciations": 5724,
  "scrape_completed_at": "2025-04-04T08:28:31.017772",
  "average_definitions_per_word": 3.5255914365386345,
  "average_examples_per_definition": 0.5211256825024239,
  "average_pronunciations_per_word": 0.5148871098317892
}