{
  "total_words": 3052,
  "total_definitions": 9587,
  "total_examples": 4166,
  "total_pronunciations": 1174,
  "scrape_completed_at": "2025-04-04T08:37:15.716935",
  "average_definitions_per_word": 3.141218872870249,
  "average_examples_per_definition": 0.4345467821007615,
  "average_pronunciations_per_word": 0.38466579292267367
}