{
  "total_words": 3042,
  "total_definitions": 9576,
  "total_examples": 4166,
  "total_pronunciations": 1173,
  "scrape_completed_at": "2025-04-04T08:37:03.383539",
  "average_definitions_per_word": 3.1479289940828403,
  "average_examples_per_definition": 0.43504594820384296,
  "average_pronunciations_per_word": 0.38560157790927024
}