{
  "total_words": 4201,
  "total_definitions": 11368,
  "total_examples": 4898,
  "total_pronunciations": 1446,
  "scrape_completed_at": "2025-04-04T08:49:36.737188",
  "average_definitions_per_word": 2.706022375624851,
  "average_examples_per_definition": 0.4308585503166784,
  "average_pronunciations_per_word": 0.3442037610092835
}