{
  "total_words": 4181,
  "total_definitions": 11346,
  "total_examples": 4898,
  "total_pronunciations": 1445,
  "scrape_completed_at": "2025-04-04T08:49:10.602234",
  "average_definitions_per_word": 2.7137048552977756,
  "average_examples_per_definition": 0.43169398907103823,
  "average_pronunciations_per_word": 0.3456110978234872
}