{
  "total_words": 11157,
  "total_definitions": 35956,
  "total_examples": 18540,
  "total_pronunciations": 4154,
  "scrape_completed_at": "2025-04-04T09:22:39.549035",
  "average_definitions_per_word": 3.2227301245854623,
  "average_examples_per_definition": 0.515630214706864,
  "average_pronunciations_per_word": 0.37232230886439005
}