{
  "total_words": 11197,
  "total_definitions": 36201,
  "total_examples": 18720,
  "total_pronunciations": 4166,
  "scrape_completed_at": "2025-04-04T09:24:09.926695",
  "average_definitions_per_word": 3.233098151290524,
  "average_examples_per_definition": 0.5171127869395873,
  "average_pronunciations_per_word": 0.372063945699741
}