{
  "total_words": 18194,
  "total_definitions": 54289,
  "total_examples": 29142,
  "total_pronunciations": 7452,
  "scrape_completed_at": "2025-04-04T10:16:02.607123",
  "average_definitions_per_word": 2.9838957898208203,
  "average_examples_per_definition": 0.5367938256368694,
  "average_pronunciations_per_word": 0.4095855776629658
}