{
  "total_words": 18224,
  "total_definitions": 54395,
  "total_examples": 29205,
  "total_pronunciations": 7468,
  "scrape_completed_at": "2025-04-04T10:16:23.628928",
  "average_definitions_per_word": 2.9848002633889377,
  "average_examples_per_definition": 0.5369059656218402,
  "average_pronunciations_per_word": 0.4097892888498683
}