{
  "total_words": 8227,
  "total_definitions": 20102,
  "total_examples": 12243,
  "total_pronunciations": 3832,
  "scrape_completed_at": "2025-04-04T10:41:36.547062",
  "average_definitions_per_word": 2.443418013856813,
  "average_examples_per_definition": 0.6090438762312208,
  "average_pronunciations_per_word": 0.4657833961346785
}