{
  "total_words": 8187,
  "total_definitions": 20046,
  "total_examples": 12167,
  "total_pronunciations": 3801,
  "scrape_completed_at": "2025-04-04T10:41:19.900839",
  "average_definitions_per_word": 2.448515939904727,
  "average_examples_per_definition": 0.6069540057866906,
  "average_pronunciations_per_word": 0.46427262733602054
}