{
  "total_words": 9422,
  "total_definitions": 33281,
  "total_examples": 23788,
  "total_pronunciations": 4562,
  "scrape_completed_at": "2025-04-04T11:08:21.962405",
  "average_definitions_per_word": 3.5322649119082996,
  "average_examples_per_definition": 0.7147621766172891,
  "average_pronunciations_per_word": 0.4841859477817873
}