{
  "total_words": 9413,
  "total_definitions": 33263,
  "total_examples": 23724,
  "total_pronunciations": 4554,
  "scrape_completed_at": "2025-04-04T11:08:09.631533",
  "average_definitions_per_word": 3.5337299479443325,
  "average_examples_per_definition": 0.7132249045485975,
  "average_pronunciations_per_word": 0.48379900138106874
}