{
  "total_words": 29861,
  "total_definitions": 87298,
  "total_examples": 36517,
  "total_pronunciations": 11751,
  "scrape_completed_at": "2025-04-04T12:34:14.842871",
  "average_definitions_per_word": 2.92347878503734,
  "average_examples_per_definition": 0.418302824806983,
  "average_pronunciations_per_word": 0.39352332473795254
}