{
  "total_words": 1635,
  "total_definitions": 4811,
  "total_examples": 2149,
  "total_pronunciations": 722,
  "scrape_completed_at": "2025-04-04T12:38:54.077736",
  "average_definitions_per_word": 2.942507645259939,
  "average_examples_per_definition": 0.44668468093951363,
  "average_pronunciations_per_word": 0.4415902140672783
}