{
  "total_words": 1655,
  "total_definitions": 4848,
  "total_examples": 2165,
  "total_pronunciations": 728,
  "scrape_completed_at": "2025-04-04T12:39:27.664957",
  "average_definitions_per_word": 2.9293051359516618,
  "average_examples_per_definition": 0.4465759075907591,
  "average_pronunciations_per_word": 0.4398791540785498
}