{
  "total_words": 16198,
  "total_definitions": 62557,
  "total_examples": 33497,
  "total_pronunciations": 7806,
  "scrape_completed_at": "2025-04-04T13:25:47.516081",
  "average_definitions_per_word": 3.862020002469441,
  "average_examples_per_definition": 0.535463657144684,
  "average_pronunciations_per_word": 0.4819113470798864
}