{
  "total_words": 16178,
  "total_definitions": 62530,
  "total_examples": 33495,
  "total_pronunciations": 7806,
  "scrape_completed_at": "2025-04-04T13:25:21.604490",
  "average_definitions_per_word": 3.8651254790456173,
  "average_examples_per_definition": 0.5356628818167279,
  "average_pronunciations_per_word": 0.4825071084188404
}