{
  "total_words": 39893,
  "total_definitions": 136085,
  "total_examples": 56753,
  "total_pronunciations": 15435,
  "scrape_completed_at": "2025-04-04T15:26:23.865039",
  "average_definitions_per_word": 3.411250094001454,
  "average_examples_per_definition": 0.417040820075688,
  "average_pronunciations_per_word": 0.38690998420775574
}