{
  "total_words": 39883,
  "total_definitions": 136072,
  "total_examples": 56735,
  "total_pronunciations": 15432,
  "scrape_completed_at": "2025-04-04T15:26:21.132080",
  "average_definitions_per_word": 3.411779454905599,
  "average_examples_per_definition": 0.4169483802692692,
  "average_pronunciations_per_word": 0.38693177544317126
}