{
  "total_words": 19332,
  "total_definitions": 64723,
  "total_examples": 28635,
  "total_pronunciations": 7156,
  "scrape_completed_at": "2025-04-04T16:24:16.068318",
  "average_definitions_per_word": 3.3479722739499276,
  "average_examples_per_definition": 0.4424238678676823,
  "average_pronunciations_per_word": 0.3701634595489344
}