{
  "total_words": 8096,
  "total_definitions": 17856,
  "total_examples": 11299,
  "total_pronunciations": 4278,
  "scrape_completed_at": "2025-04-04T16:49:05.700924",
  "average_definitions_per_word": 2.205533596837945,
  "average_examples_per_definition": 0.6327844982078853,
  "average_pronunciations_per_word": 0.5284090909090909
}