{
  "total_words": 8106,
  "total_definitions": 17903,
  "total_examples": 11334,
  "total_pronunciations": 4286,
  "scrape_completed_at": "2025-04-04T16:49:23.568692",
  "average_definitions_per_word": 2.208610905502097,
  "average_examples_per_definition": 0.6330782550410545,
  "average_pronunciations_per_word": 0.5287441401431039
}