{
  "total_words": 4513,
  "total_definitions": 12536,
  "total_examples": 4718,
  "total_pronunciations": 2138,
  "scrape_completed_at": "2025-04-04T17:02:48.614503",
  "average_definitions_per_word": 2.77775315754487,
  "average_examples_per_definition": 0.3763560944479898,
  "average_pronunciations_per_word": 0.4737425216042544
}