{
  "total_words": 4553,
  "total_definitions": 12648,
  "total_examples": 4754,
  "total_pronunciations": 2159,
  "scrape_completed_at": "2025-04-04T17:03:21.492644",
  "average_definitions_per_word": 2.777948605315177,
  "average_examples_per_definition": 0.3758697027197976,
  "average_pronunciations_per_word": 0.4741928398857896
}