{
  "total_words": 9251,
  "total_definitions": 31079,
  "total_examples": 13311,
  "total_pronunciations": 3061,
  "scrape_completed_at": "2025-04-04T17:32:20.437348",
  "average_definitions_per_word": 3.3595286996000433,
  "average_examples_per_definition": 0.4282956337076482,
  "average_pronunciations_per_word": 0.33088314776780886
}