{
  "total_words": 9271,
  "total_definitions": 31122,
  "total_examples": 13312,
  "total_pronunciations": 3070,
  "scrape_completed_at": "2025-04-04T17:32:23.412340",
  "average_definitions_per_word": 3.3569194261676194,
  "average_examples_per_definition": 0.4277360066833751,
  "average_pronunciations_per_word": 0.3311401143350232
}