{
  "total_words": 408,
  "total_definitions": 845,
  "total_examples": 153,
  "total_pronunciations": 129,
  "scrape_completed_at": "2025-04-04T17:33:59.808552",
  "average_definitions_per_word": 2.071078431372549,
  "average_examples_per_definition": 0.18106508875739644,
  "average_pronunciations_per_word": 0.3161764705882353
}