{
  "total_words": 398,
  "total_definitions": 830,
  "total_examples": 151,
  "total_pronunciations": 127,
  "scrape_completed_at": "2025-04-04T17:33:56.810955",
  "average_definitions_per_word": 2.0854271356783918,
  "average_examples_per_definition": 0.1819277108433735,
  "average_pronunciations_per_word": 0.31909547738693467
}