{
  "total_words": 1349,
  "total_definitions": 3158,
  "total_examples": 919,
  "total_pronunciations": 466,
  "scrape_completed_at": "2025-04-04T17:38:07.825413",
  "average_definitions_per_word": 2.340993328391401,
  "average_examples_per_definition": 0.2910069664344522,
  "average_pronunciations_per_word": 0.34544106745737585
}