{
  "total_words": 1388,
  "total_definitions": 3261,
  "total_examples": 945,
  "total_pronunciations": 475,
  "scrape_completed_at": "2025-04-04T17:38:34.427736",
  "average_definitions_per_word": 2.349423631123919,
  "average_examples_per_definition": 0.28978840846366144,
  "average_pronunciations_per_word": 0.34221902017291067
}