{
  "total_words": 1122,
  "total_definitions": 2433,
  "total_examples": 777,
  "total_pronunciations": 427,
  "scrape_completed_at": "2025-04-04T17:42:34.626763",
  "average_definitions_per_word": 2.1684491978609626,
  "average_examples_per_definition": 0.3193588162762022,
  "average_pronunciations_per_word": 0.3805704099821747
}