{
  "total_words": 1092,
  "total_definitions": 2359,
  "total_examples": 769,
  "total_pronunciations": 418,
  "scrape_completed_at": "2025-04-04T17:42:14.609876",
  "average_definitions_per_word": 2.16025641025641,
  "average_examples_per_definition": 0.32598558711318354,
  "average_pronunciations_per_word": 0.38278388278388276
}